<?xml version="1.0" encoding="ISO-8859-1" ?>
<configuration>
	<acid_list_file_name>conf/acid.xml</acid_list_file_name>
	<ptm_list_file_name>conf/ptm.xml</ptm_list_file_name>
	<residue_list_file_name>conf/residue.xml</residue_list_file_name>
	<trunc_list_file_name>conf/trunc.xml</trunc_list_file_name>
	<prot_mod_list_file_name>conf/prot_mod.xml</prot_mod_list_file_name>
	<ion_type_list_file_name>conf/ion_type.xml</ion_type_list_file_name>
	<neutral_loss_list_file_name>conf/neutral_loss.xml</neutral_loss_list_file_name>
	<activation_list_file_name>conf/activation.xml</activation_list_file_name>
  <support_peak_type_file_name>conf/support_peak_type.xml</support_peak_type_file_name>

	<fix_mod_residue_file_name>conf/fix_mod_residue.xml</fix_mod_residue_file_name>
	<allow_prot_mod_list>
		<prot_mod>NONE</prot_mod>
		<prot_mod>NME</prot_mod>
		<prot_mod>NME_ACETYLATION</prot_mod>
	</allow_prot_mod_list>
  <activation_type>CID</activation_type>
</configuration>
